{
    "J0030+0451_red_noise_gamma": 0.3402937894909299,
    "J0030+0451_red_noise_log10_A": -16.28018248781978,
    "J0613-0200_dm_gamma": 2.2955370847557863,
    "J0613-0200_dm_log10_A": -12.1099115253994,
    "J0751+1807_dm_gamma": 2.192090558721887,
    "J0751+1807_dm_log10_A": -11.576927323326201,
    "J0900-3144_dm_gamma": 4.5106540840890785,
    "J0900-3144_dm_log10_A": -11.89374732364011,
    "J0900-3144_red_noise_gamma": 0.9482895298307189,
    "J0900-3144_red_noise_log10_A": -12.781674540691766,
    "J1012+5307_dm_gamma": 3.9428498246018,
    "J1012+5307_dm_log10_A": -12.657522582761814,
    "J1012+5307_red_noise_gamma": 1.4274076750201665,
    "J1012+5307_red_noise_log10_A": -12.928287510156407,
    "J1022+1001_dm_gamma": 0.22733763843584506,
    "J1022+1001_dm_log10_A": -11.456959321208704,
    "J1022+1001_red_noise_gamma": 6.24773437634659,
    "J1022+1001_red_noise_log10_A": -17.329807508058632,
    "J1024-0719_dm_gamma": 2.619776272095416,
    "J1024-0719_dm_log10_A": -11.926568302943968,
    "J1455-3330_red_noise_gamma": 1.4705905938513313,
    "J1455-3330_red_noise_log10_A": -13.120626116625605,
    "J1600-3053_dm_gamma": 5.766570926393665,
    "J1600-3053_dm_log10_A": -12.800809228471833,
    "J1640+2224_dm_gamma": 0.30003948723328644,
    "J1640+2224_dm_log10_A": -11.49960560262528,
    "J1713+0747_dm_gamma": 1.6055963532147846,
    "J1713+0747_dm_log10_A": -12.12429140110357,
    "J1713+0747_red_noise_gamma": 3.012372481075215,
    "J1713+0747_red_noise_log10_A": -15.014196941439293,
    "J1730-2304_dm_gamma": 1.5791900481623729,
    "J1730-2304_dm_log10_A": -11.632822665021873,
    "J1738+0333_dm_gamma": 1.568067144148169,
    "J1738+0333_dm_log10_A": -11.212349998397567,
    "J1744-1134_dm_gamma": 0.7458315539037719,
    "J1744-1134_dm_log10_A": -11.799647766244666,
    "J1751-2857_dm_gamma": 1.026051639090181,
    "J1751-2857_dm_log10_A": -11.029616850368907,
    "J1801-1417_dm_gamma": 2.288626115303687,
    "J1801-1417_dm_log10_A": -11.049628817926045,
    "J1804-2717_dm_gamma": 0.07864073205074641,
    "J1804-2717_dm_log10_A": -11.287066875548451,
    "J1843-1113_dm_gamma": 2.369440926871404,
    "J1843-1113_dm_log10_A": -11.036375878612667,
    "J1857+0943_dm_gamma": 4.667039383262051,
    "J1857+0943_dm_log10_A": -12.401346144779552,
    "J1909-3744_dm_gamma": 1.6375035934871458,
    "J1909-3744_dm_log10_A": -11.927663874626917,
    "J1909-3744_red_noise_gamma": 1.8980579828749147,
    "J1909-3744_red_noise_log10_A": -16.814238860540534,
    "J1910+1256_dm_gamma": 3.4703387315258793,
    "J1910+1256_dm_log10_A": -11.909448972352697,
    "J1911+1347_dm_gamma": 3.15617918117175,
    "J1911+1347_dm_log10_A": -12.150745387151002,
    "J1918-0642_dm_gamma": 4.119113313959563,
    "J1918-0642_dm_log10_A": -12.30773337683014,
    "J2124-3358_dm_gamma": 0.6246960875801266,
    "J2124-3358_dm_log10_A": -11.415229182880276,
    "J2322+2057_red_noise_gamma": 0.4594238302303424,
    "J2322+2057_red_noise_log10_A": -15.145878289336437,
    "gw_log10_A": -14.6197887582884
}
